{
  "id": "1873164",
  "name": "评论项目",
  "font_family": "caozha-iconfont",
  "css_prefix_text": "caozha-",
  "description": "",
  "glyphs": [
    {
      "icon_id": "1223264",
      "name": "good",
      "font_class": "good1",
      "unicode": "e699",
      "unicode_decimal": 59033
    },
    {
      "icon_id": "1228667",
      "name": "bad",
      "font_class": "bad1",
      "unicode": "e6c3",
      "unicode_decimal": 59075
    },
    {
      "icon_id": "1232437",
      "name": "赞",
      "font_class": "zan",
      "unicode": "e726",
      "unicode_decimal": 59174
    },
    {
      "icon_id": "7766753",
      "name": "icon_likegood",
      "font_class": "icon_likegood",
      "unicode": "eb97",
      "unicode_decimal": 60311
    },
    {
      "icon_id": "11372651",
      "name": "点赞",
      "font_class": "dianzan",
      "unicode": "e8ad",
      "unicode_decimal": 59565
    },
    {
      "icon_id": "11488053",
      "name": "good",
      "font_class": "good",
      "unicode": "e753",
      "unicode_decimal": 59219
    },
    {
      "icon_id": "11487986",
      "name": "bad",
      "font_class": "bad",
      "unicode": "e745",
      "unicode_decimal": 59205
    }
  ]
}
